{"cameraMode":{"drawMode":2,"name":"Shaded Wireframe","section":"Shading Mode"},"sceneLighting":true,"audioPlay":false,"sceneViewState":{"showFog":true,"showMaterialUpdate":false,"showSkybox":true,"showFlares":true,"showImageEffects":true,"showParticleSystems":true},"in2DMode":false,"pivot":{"x":2.215449333190918,"y":0.82539302110672,"z":11.26462173461914},"rotation":{"x":0.727595865726471,"y":-0.0000021787941477668939,"z":0.0000036218646073393758,"w":0.6860060095787048},"size":60.96645736694336,"orthographic":true}