{"cameraMode":{"drawMode":0,"name":"Shaded","section":"Shading Mode"},"sceneLighting":false,"audioPlay":false,"sceneViewState":{"showFog":true,"showMaterialUpdate":false,"showSkybox":false,"showFlares":true,"showImageEffects":true,"showParticleSystems":true},"in2DMode":false,"pivot":{"x":267.4569091796875,"y":246.78236389160157,"z":0.01904436945915222},"rotation":{"x":0.19817736744880677,"y":-0.004410740919411182,"z":0.000891807721927762,"w":0.980155885219574},"size":1472.94384765625,"orthographic":true}