{"cameraMode":{"drawMode":0,"name":"Shaded","section":"Shading Mode"},"sceneLighting":false,"audioPlay":false,"sceneViewState":{"showFog":true,"showMaterialUpdate":false,"showSkybox":true,"showFlares":true,"showImageEffects":true,"showParticleSystems":true},"in2DMode":false,"pivot":{"x":3.4229345321655275,"y":3.8079798221588136,"z":0.9774296879768372},"rotation":{"x":-0.16662311553955079,"y":0.830721378326416,"z":-0.3374098837375641,"w":-0.41023483872413638},"size":0.10336065292358399,"orthographic":false}