{"cameraMode":{"drawMode":0,"name":"Shaded","section":"Shading Mode"},"sceneLighting":false,"audioPlay":false,"sceneViewState":{"showFog":true,"showMaterialUpdate":false,"showSkybox":true,"showFlares":true,"showImageEffects":true,"showParticleSystems":true},"in2DMode":false,"pivot":{"x":2.9414732456207277,"y":3.2211811542510988,"z":0.7985761165618897},"rotation":{"x":-0.2916753888130188,"y":0.6914651393890381,"z":-0.3668763041496277,"w":-0.549731433391571},"size":-0.7033606767654419,"orthographic":false}