{"cameraMode":{"drawMode":0,"name":"Shaded","section":"Shading Mode"},"sceneLighting":false,"audioPlay":false,"sceneViewState":{"showFog":true,"showMaterialUpdate":false,"showSkybox":false,"showFlares":true,"showImageEffects":true,"showParticleSystems":true},"in2DMode":false,"pivot":{"x":0.11039748787879944,"y":0.26578861474990847,"z":0.10425075888633728},"rotation":{"x":-0.23209980130195619,"y":0.11118285357952118,"z":-0.02671697735786438,"w":-0.9659579396247864},"size":1.048256516456604,"orthographic":false}