{"cameraMode":{"drawMode":0,"name":"Shaded","section":"Shading Mode"},"sceneLighting":false,"audioPlay":false,"sceneViewState":{"showFog":true,"showMaterialUpdate":false,"showSkybox":false,"showFlares":true,"showImageEffects":true,"showParticleSystems":true},"in2DMode":false,"pivot":{"x":-0.015699535608291627,"y":0.11350777745246887,"z":0.018811702728271486},"rotation":{"x":-0.23209980130195619,"y":0.11118285357952118,"z":-0.02671697735786438,"w":-0.9659579396247864},"size":1.0020220279693604,"orthographic":false}