{"cameraMode":{"drawMode":0,"name":"Shaded","section":"Shading Mode"},"sceneLighting":false,"audioPlay":false,"sceneViewState":{"showFog":true,"showMaterialUpdate":false,"showSkybox":false,"showFlares":true,"showImageEffects":true,"showParticleSystems":true},"in2DMode":false,"pivot":{"x":34.50057601928711,"y":22.857120513916017,"z":-4.2924041748046879},"rotation":{"x":-0.30914977192878725,"y":-0.07493756711483002,"z":0.02443806827068329,"w":-0.9477537870407105},"size":41.0719108581543,"orthographic":false}