{"cameraMode":{"drawMode":0,"name":"Shaded","section":"Shading Mode"},"sceneLighting":true,"audioPlay":false,"sceneViewState":{"showFog":true,"showMaterialUpdate":false,"showSkybox":true,"showFlares":true,"showImageEffects":true,"showParticleSystems":true},"in2DMode":false,"pivot":{"x":-0.016710758209228517,"y":-0.06114470958709717,"z":-0.4494641125202179},"rotation":{"x":0.3872101902961731,"y":-0.15242227911949159,"z":0.06507302075624466,"w":0.9069746136665344},"size":0.539474368095398,"orthographic":false}